"test_id","lab_id","BMP_id","substrate","ISR","time_d","BMP","sd","se","rsd","n","n_blank"
141,1,1,"CEL",2,63,335.13,16.69,9.64,4.98,3,3
141,1,2,"SA",2,63,358.55,18.43,10.64,5.14,3,3
141,1,3,"SB",1.99,63,351.87,33.44,19.3,9.5,3,3
141,1,4,"SC",3.98,63,465.26,22.84,13.18,4.91,3,3
115,3,5,"CEL",2,30,380.6,3.91,2.26,1.03,3,3
115,3,6,"SA",2,30,367.8,11.33,6.54,3.08,3,3
115,3,7,"SB",2,30,386.82,19.86,11.46,5.13,3,3
115,3,8,"SC",3.99,30,484.02,10.05,5.8,2.08,3,3
138,4,9,"CEL",1.08,35.9,312.9,17.53,10.12,5.6,3,3
138,4,10,"SA",1.5,28.8,338.4,3.19,2.25,0.94,2,3
138,4,11,"SA",1.56,28.8,433.77,NA,NA,NA,1,3
138,4,12,"SB",1.51,16.8,319.5,3.93,2.27,1.23,3,3
136,6,13,"CEL",2.17,57,328.63,39.62,22.87,12.06,3,3
136,6,14,"SA",2.4,57,369.16,17.45,12.34,4.73,2,3
136,6,15,"SA",2.52,57,346.07,NA,NA,NA,1,3
136,6,16,"SB",2.27,57,358.88,23.94,13.82,6.67,3,3
136,6,17,"SC",2.12,57,486.04,NA,NA,NA,1,3
136,6,18,"SC",2.57,57,466.87,29.01,20.51,6.21,2,3
140,8,19,"CEL",3,27,362.5,10.19,5.88,2.81,3,3
140,8,20,"SA",2,27,351.49,8.62,4.98,2.45,3,3
140,8,21,"SB",2,27,368.77,10.42,6.02,2.83,3,3
140,8,22,"SC",4,27,494.5,20.37,11.76,4.12,3,3
103,9,23,"CEL",2.03,37.7,346.65,6.83,3.95,1.97,3,3
103,9,24,"SA",2.02,37.7,369.25,5.51,3.18,1.49,3,3
103,9,25,"SB",2.01,37.7,367.17,13.68,7.9,3.73,3,3
103,9,26,"SC",4,37.7,516.23,12.66,6.33,2.45,4,3
118,10,27,"CEL",1.75,26.6,376.27,17.9,10.34,4.76,3,3
118,10,28,"SA",1.8,26.6,408.31,14.14,8.16,3.46,3,3
118,10,29,"SB",1.83,26.6,418.81,19.18,11.07,4.58,3,3
118,10,30,"SC",3.59,26.6,538.31,19.51,11.27,3.62,3,3
146,11,31,"SA",2.34,34.8,345.77,1.19,0.84,0.34,2,3
146,11,32,"SB",2.32,34.8,349.29,16.28,11.51,4.66,2,3
143,12,33,"CEL",4.04,20.1,281.03,14.13,8.16,5.03,3,3
143,12,34,"SA",2.01,20.1,340.41,7.94,4.58,2.33,3,3
143,12,35,"SB",2,20.1,62.59,6.88,3.97,11,3,3
143,12,36,"SC",4,20.1,338.88,6.67,3.85,1.97,3,3
154,13,37,"CEL",3,27,372.7,16.7,9.64,4.48,3,3
154,13,38,"SA",2,27,349.78,9.27,5.35,2.65,3,3
154,13,39,"SB",2,27,366.12,13.79,7.96,3.77,3,3
154,13,40,"SC",4,27,506.04,14.98,8.65,2.96,3,3
155,14,41,"CEL",3.43,42.4,240.53,18.22,10.52,7.57,3,3
155,14,42,"SA",1.72,42.4,241.98,5.38,3.11,2.22,3,3
155,14,43,"SB",1.72,42.4,256.11,8.14,4.7,3.18,3,3
155,14,44,"SC",3.45,42.4,290.99,40.26,23.24,13.83,3,3
105,15,45,"CEL",10.4,20,311.11,13.29,7.68,4.27,3,3
105,15,46,"SA",2.11,20,355.1,12.2,7.05,3.44,3,3
105,15,47,"SB",2.11,20,354.43,2.63,1.52,0.74,3,3
105,15,48,"SC",4.23,20,365.2,5.75,3.32,1.58,3,3
153,18,49,"CEL",2.02,30.4,255.37,39.83,22.99,15.6,3,3
153,18,50,"SA",1.98,30.4,291.46,26.8,15.47,9.2,3,3
153,18,51,"SB",3.77,30.4,573.63,33.42,19.29,5.83,3,3
153,18,52,"SC",2.35,30.4,227.99,24.48,14.13,10.74,3,3
121,19,53,"CEL",2.15,19,358.23,11.85,6.84,3.31,3,3
121,19,54,"SA",2.1,19,370.92,14.89,10.53,4.01,2,3
121,19,55,"SB",2.11,19,398.46,4.29,2.48,1.08,3,3
109,21,56,"CEL",2,19,364.46,7.18,4.15,1.97,3,3
109,21,57,"SA",1.99,19,383.09,6.29,3.63,1.64,3,3
109,21,58,"SB",2.01,19,394.91,7.26,4.19,1.84,3,3
109,21,59,"SC",1.99,19,483.8,15.04,8.68,3.11,3,3
116,23,60,"CEL",2.06,14,342.39,1.79,1.03,0.52,3,3
116,23,61,"SA",2.03,14,368.88,3.46,2,0.94,3,3
116,23,62,"SB",2.08,14,373.47,7.18,4.15,1.92,3,3
144,24,63,"SA",2.09,32,404.37,12.87,7.43,3.18,3,3
144,24,64,"SB",2,32,407.76,21.37,15.11,5.24,2,3
144,24,65,"SC",4.22,32,556.73,29.37,16.95,5.27,3,3
156,25,66,"CEL",3.45,26.8,358.59,22.23,12.84,6.2,3,3
156,25,67,"SA",1.72,26.8,359.91,12.5,7.21,3.47,3,3
156,25,68,"SB",1.74,26.8,353.91,15.02,8.67,4.24,3,3
156,25,69,"SC",3.48,26.8,484.33,14.64,8.45,3.02,3,3
112,26,70,"CEL",2.02,20,351.95,10.4,6,2.95,3,3
112,26,71,"SA",2.02,20,367.29,14.88,8.59,4.05,3,3
112,26,72,"SB",2.02,20,369.23,15.25,8.8,4.13,3,3
112,26,73,"SC",4.04,20,465.95,23.21,13.4,4.98,3,3
123,27,74,"CEL",4.03,30.9,352.36,13.1,7.57,3.72,3,3
123,27,75,"SA",2.01,30.9,387.02,6.44,3.72,1.66,3,3
123,27,76,"SC",3.87,30.9,510.62,15.98,9.23,3.13,3,3
139,28,77,"CEL",1.92,24.9,364.66,62.8,36.26,17.22,3,3
139,28,78,"SA",2.48,24.9,381.93,63.69,36.77,16.68,3,3
139,28,79,"SB",2.4,24.9,355.48,21.18,12.23,5.96,3,3
139,28,80,"SC",4.7,24.9,468.99,92.43,53.37,19.71,3,3
117,29,81,"CEL",1.76,15.5,379.91,6.1,3.52,1.61,3,3
117,29,82,"SA",0.95,15.5,382.54,7.54,4.35,1.97,3,3
117,29,83,"SA",1.91,15.5,379.82,12.65,7.31,3.33,3,3
117,29,84,"SA",3.81,15.5,367.45,10.04,5.8,2.73,3,3
117,29,85,"SB",0.95,15.5,399.38,3.2,1.85,0.8,3,3
117,29,86,"SB",1.9,15.5,405.6,3.34,1.93,0.82,3,3
117,29,87,"SB",3.81,15.5,396.18,4.69,2.71,1.18,3,3
117,29,88,"SC",1.91,15.5,477.98,7.08,4.09,1.48,3,3
117,29,89,"SC",3.8,15.5,481.09,6.61,3.82,1.37,3,3
108,30,90,"CEL",2,23,365.19,7.63,4.4,2.09,3,3
108,30,91,"SA",2,23,377.1,2.98,1.72,0.79,3,3
108,30,92,"SB",2,23,378.66,4.53,2.62,1.2,3,3
108,30,93,"SC",3.99,23,451.78,14.12,8.15,3.12,3,3
130,31,94,"CEL",2.03,29.8,190.27,33.64,19.42,17.68,3,3
130,31,95,"SA",2.06,29.8,261.26,49.21,28.41,18.83,3,3
130,31,96,"SB",2.02,29.8,238.31,34.25,19.77,14.37,3,3
130,31,97,"SC",4.16,29.8,330.01,73.15,42.23,22.17,3,3
135,31,98,"CEL",1.94,20,297.54,7.87,4.54,2.65,3,3
135,31,99,"SA",1.95,20,316.01,15.71,9.07,4.97,3,3
135,31,100,"SB",1.95,16,305.85,8.92,5.15,2.92,3,3
135,31,101,"SC",2,20,396.02,17.54,10.13,4.43,3,3
152,33,102,"CEL",1.99,14,355.76,8.42,4.86,2.37,3,3
152,33,103,"SA",2.04,14,356.01,20.14,11.63,5.66,3,3
152,33,104,"SB",2.06,14,400.22,18.16,10.48,4.54,3,3
152,33,105,"SC",4.09,14,438.68,19.14,11.05,4.36,3,3
131,1,106,"CEL",2,42,344.05,14.32,8.27,4.16,3,3
131,1,107,"SA",2,42,353.58,21.1,12.18,5.97,3,3
131,1,108,"SB",1.99,42,349.77,20.21,11.67,5.78,3,3
131,1,109,"SC",3.98,42,439.73,18.63,10.76,4.24,3,3
119,3,110,"CEL",2,30,391.86,19.53,11.28,4.98,3,3
119,3,111,"SA",2,30,392.17,17.48,10.09,4.46,3,3
119,3,112,"SB",2,30,413.57,19.3,11.14,4.67,3,3
119,3,113,"SC",3.99,30,563.84,31.37,18.11,5.56,3,3
142,4,114,"CEL",1.18,44.9,336.19,3.54,2.05,1.05,3,3
142,4,115,"SA",1.37,44.9,386.44,13.77,9.74,3.56,2,3
142,4,116,"SA",1.61,44.9,394.07,NA,NA,NA,1,3
142,4,117,"SB",1.43,44.9,375.06,3.37,1.94,0.9,3,3
142,4,118,"SC",1.4,44.9,491.91,9.02,6.38,1.83,2,3
142,4,119,"SC",1.57,44.9,481.96,NA,NA,NA,1,3
114,5,120,"CEL",2.04,25,324.93,11.88,6.86,3.66,3,3
114,5,121,"SA",1.9,25,277.89,3.56,2.06,1.28,3,3
114,5,122,"SB",2.06,25,274.13,4.55,2.63,1.66,3,3
114,5,123,"SC",3.04,25,382.74,1.41,0.81,0.37,3,3
145,6,124,"CEL",2.2,37,325.96,27.83,16.07,8.54,3,3
145,6,125,"SA",2.35,37,318.68,39.05,22.55,12.25,3,3
145,6,126,"SB",2.68,37,347.28,33.49,19.34,9.64,3,3
145,6,127,"SC",2.58,37,458.03,33.04,19.07,7.21,3,3
134,8,128,"CEL",3,28,362.48,6.46,3.73,1.78,3,3
134,8,129,"SA",2,28,341.33,17.25,9.96,5.05,3,3
134,8,130,"SB",2,28,358.37,6.88,3.97,1.92,3,3
134,8,131,"SC",4,28,472.75,21.61,12.47,4.57,3,3
110,9,132,"CEL",2.23,35.9,325.35,5.08,2.93,1.56,3,3
110,9,133,"SA",2.28,35.9,381.81,6.38,3.68,1.67,3,3
110,9,134,"SB",2.18,35.9,373.36,9.76,5.63,2.61,3,3
110,9,135,"SC",4.59,35.9,480.73,9.85,5.69,2.05,3,3
111,10,136,"CEL",2,20.6,374.9,18,10.39,4.8,3,3
111,10,137,"SA",1.97,20.6,392.38,15.39,8.89,3.92,3,3
111,10,138,"SB",2.06,20.6,411.8,20.35,11.75,4.94,3,3
111,10,139,"SC",4.09,20.6,516.43,17.45,10.08,3.38,3,3
132,12,140,"CEL",4.26,20.9,480.58,14.37,8.3,2.99,3,3
132,12,141,"SA",2.13,20.9,405.19,17.18,9.92,4.24,3,3
132,12,142,"SB",2.15,6.9,34.23,3.85,2.22,11.25,3,3
132,12,143,"SC",4.25,20.9,596.95,8.29,4.79,1.39,3,3
149,13,144,"CEL",3,28,380.35,8.16,4.71,2.14,3,3
149,13,145,"SA",2,28,343.66,6.94,4.01,2.02,3,3
149,13,146,"SB",2,28,369.81,25.53,14.74,6.9,3,3
149,13,147,"SC",4.01,28,510.1,19.61,11.32,3.84,3,3
104,15,148,"CEL",11.3,17,294.34,14.69,8.48,4.99,3,3
104,15,149,"SA",2.12,38,374.13,7.01,4.05,1.87,3,3
104,15,150,"SB",2.13,37,428.33,27.7,15.99,6.47,3,3
104,15,151,"SC",4.26,36,461.26,12.88,7.44,2.79,3,3
137,18,152,"CEL",2.01,30.9,258.39,51.95,29.99,20.1,3,3
137,18,153,"SA",1.97,30.9,321.02,34.92,20.16,10.88,3,3
137,18,154,"SB",2.02,30.9,320.56,27,15.59,8.42,3,3
137,18,155,"SC",4.13,30.9,434.99,20.98,12.11,4.82,3,3
106,19,156,"CEL",2.12,20,452.93,67.02,38.69,14.8,3,3
106,19,157,"SA",2.14,20,387.33,12.62,7.29,3.26,3,3
106,19,158,"SB",2.15,20,474.16,NA,NA,NA,1,3
122,21,159,"CEL",2.01,19,371.64,4.95,2.86,1.33,3,3
122,21,160,"SA",2,19,387.9,7.6,4.39,1.96,3,3
122,21,161,"SB",2,19,397.41,4.94,2.85,1.24,3,3
122,21,162,"SC",2,19,501.3,16.1,9.3,3.21,3,3
120,23,163,"CEL",1.99,29.8,346.48,4.46,2.57,1.29,3,3
120,23,164,"SA",2.01,29.8,388.97,4.49,2.59,1.15,3,3
120,23,165,"SB",2,29.8,391.78,5.56,3.21,1.42,3,3
120,23,166,"SC",4.03,29.8,559.48,10.64,6.14,1.9,3,3
148,24,167,"CEL",2.03,31.8,390.31,28.67,16.56,7.35,3,3
148,24,168,"SA",1.98,31.8,393.14,15.55,8.98,3.96,3,3
148,24,169,"SB",1.89,31.8,395.21,13.05,7.53,3.3,3,3
148,24,170,"SC",4.02,31.8,604.53,23.8,13.74,3.94,3,3
133,25,171,"CEL",3.85,19.9,350.76,18.89,10.91,5.39,3,3
133,25,172,"SA",1.91,19.9,351.24,9.6,5.54,2.73,3,3
133,25,173,"SB",1.92,19.9,355.28,18.57,10.72,5.23,3,3
133,25,174,"SC",3.8,19.9,475.12,20,11.55,4.21,3,3
101,26,175,"CEL",2.13,33,379.73,10.32,5.96,2.72,3,3
101,26,176,"SA",2.13,33,385.37,15.27,8.82,3.96,3,3
101,26,177,"SB",2.13,33,435.11,23.74,13.71,5.46,3,3
101,26,178,"SC",4.26,32,512.9,29.78,17.19,5.81,3,3
107,27,179,"CEL",4.15,31.1,363.01,18.52,10.69,5.1,3,3
107,27,180,"SA",1.89,31.1,372.65,7.5,4.33,2.01,3,3
107,27,181,"SB",1.95,31.1,375.83,8.17,4.72,2.17,3,3
107,27,182,"SC",2.05,31.1,521.07,36.61,21.13,7.03,3,3
107,27,183,"SC",3.67,31.1,509.05,11.89,6.86,2.34,3,3
147,28,184,"CEL",1.86,15.8,335.03,60.01,34.65,17.91,3,2
147,28,185,"SA",2.43,15.8,341.75,72.29,41.74,21.15,3,2
147,28,186,"SB",2.42,15.8,351.9,70.71,40.82,20.09,3,2
147,28,187,"SC",4.67,15.8,477.25,143.99,83.13,30.17,3,2
113,29,188,"CEL",1.9,24,395.03,9.29,5.37,2.35,3,3
113,29,189,"SA",0.95,24,400.09,17.35,10.02,4.34,3,3
113,29,190,"SA",1.9,24,393.23,10.33,5.97,2.63,3,3
113,29,191,"SA",3.79,24,383.52,14.54,8.39,3.79,3,3
113,29,192,"SB",0.95,24,397.69,10.2,5.89,2.56,3,3
113,29,193,"SB",1.9,24,421.8,8.63,4.98,2.05,3,3
113,29,194,"SB",3.8,24,412.17,15.93,9.2,3.87,3,3
113,29,195,"SC",1.9,24,501.79,10.33,5.96,2.06,3,3
113,29,196,"SC",3.77,24,492.66,11.43,6.6,2.32,3,3
102,30,197,"CEL",2.01,30,369.71,9.71,5.61,2.63,3,3
102,30,198,"SA",2,30,387.5,1.67,0.96,0.43,3,3
102,30,199,"SB",2,30,399.54,4.15,2.4,1.04,3,3
102,30,200,"SC",2.01,30,462.63,20.87,12.05,4.51,3,3
150,31,201,"CEL",1.99,20,375.53,10.54,6.09,2.81,3,3
150,31,202,"SA",1.99,20,391.34,14.85,8.57,3.79,3,3
150,31,203,"SB",1.98,20,397.24,15.07,8.7,3.79,3,3
150,31,204,"SC",1.99,21,436.16,42.42,24.49,9.73,3,3
151,31,205,"CEL",2,32.1,155.54,8.73,5.04,5.61,3,3
151,31,206,"SA",1.99,32.1,177.36,2.12,1.22,1.19,3,3
151,31,207,"SB",1.99,32.1,184.89,3.06,1.76,1.65,3,3
151,31,208,"SC",3.98,32.1,428.93,46.39,26.78,10.82,3,3
253,1,209,"CEL",1.97,49,335.94,10.62,6.13,3.16,3,3
253,1,210,"SC",2.01,49,471.7,3.57,2.06,0.76,3,3
253,1,211,"SD",1.03,49,244.96,3.04,1.75,1.24,3,3
273,1,212,"CEL",2.02,49,282.6,9.25,5.34,3.27,3,3
273,1,213,"SC",2.06,49,411.6,43.14,30.51,10.48,2,3
273,1,214,"SD",1.05,49,197.03,2.99,1.73,1.52,3,3
227,2,215,"CEL",1.99,26,381.04,7.84,5.54,2.06,2,3
227,2,216,"SC",1.96,25.9,523.65,5.99,3.46,1.14,3,3
244,2,217,"CEL",2.02,32.8,343.49,8.52,4.92,2.48,3,3
244,2,218,"SC",1.99,32.9,486.05,11.84,6.84,2.44,3,3
244,2,219,"SD",1.01,32.8,242.11,1.87,1.08,0.77,3,3
228,3,220,"CEL",2,50,397.16,47.53,27.44,11.97,3,3
228,3,221,"SC",2,50,510.18,15.45,8.92,3.03,3,3
228,3,222,"SD",1,50,277.97,9.06,5.23,3.26,3,3
257,3,223,"CEL",2,50,351.89,16.74,9.67,4.76,3,3
257,3,224,"SC",2,50,475.79,24.31,14.04,5.11,3,3
257,3,225,"SD",2,50,270.42,24.09,13.91,8.91,3,3
265,3,226,"CEL",1.85,50,361.03,16.3,9.41,4.51,3,3
265,3,227,"SC",1.85,50,508.68,27.62,15.95,5.43,3,3
265,3,228,"SD",0.92,50,294.84,17.96,10.37,6.09,3,3
205,4,229,"CEL",1.85,56.8,359.15,11.56,6.67,3.22,3,3
205,4,230,"SC",1.91,56.8,486.52,18.65,10.77,3.83,3,3
205,4,231,"SD",1.78,56.8,298.08,8.03,4.64,2.7,3,3
248,5,232,"CEL",2.02,30.9,349.49,4.65,2.69,1.33,3,3
248,5,233,"SC",1.93,30.9,477.77,2.29,1.32,0.48,3,3
259,5,234,"CEL",1.94,31,346.46,3.09,1.78,0.89,3,3
259,5,235,"SC",1.96,31,467.59,8.33,4.81,1.78,3,3
259,5,236,"SD",0.98,51,280.06,1.03,0.59,0.37,3,3
259,5,237,"SD",2.12,51,288.87,6.7,3.87,2.32,3,3
213,6,238,"CEL",1.89,33.9,300.81,6.95,4.01,2.31,3,3
213,6,239,"SC",2.06,34,438.74,5.64,3.26,1.29,3,3
218,6,240,"CEL",2.01,33.8,323.54,20.19,11.66,6.24,3,3
218,6,241,"SC",2.15,33.8,451.41,8.98,5.18,1.99,3,3
219,8,242,"CEL",2,36.9,371.93,34.2,19.75,9.2,3,3
219,8,243,"SC",2,36.9,541.45,40.55,23.41,7.49,3,3
219,8,244,"SD",1,36.9,264.34,11.85,6.84,4.48,3,3
270,8,245,"CEL",2,51.1,303.81,36.54,21.1,12.03,3,3
270,8,246,"SC",2,51.1,490.1,46.89,27.07,9.57,3,3
270,8,247,"SD",1,51.1,274.11,16.14,9.32,5.89,3,3
214,9,248,"CEL",1.96,57.7,349.22,5.3,3.06,1.52,3,3
214,9,249,"SC",1.94,57.7,497.29,5.73,3.31,1.15,3,3
214,9,250,"SD",0.97,57.7,275.93,2.58,1.49,0.93,3,3
231,9,251,"CEL",2.02,44.7,337.57,7.46,4.3,2.21,3,3
231,9,252,"SC",1.65,44.7,480.33,6.46,3.73,1.35,3,3
251,9,253,"CEL",2.04,56.8,321.01,5.82,3.36,1.81,3,3
251,9,254,"SC",1.68,56.8,451.79,5.37,3.1,1.19,3,3
246,10,255,"CEL",1.85,30.9,353.98,8.6,4.97,2.43,3,3
246,10,256,"SC",0.95,30.9,506.05,9.67,5.58,1.91,3,3
246,10,257,"SC",1.88,30.9,529.55,7.33,4.23,1.38,3,3
246,10,258,"SD",0.93,30.9,296.37,8.41,4.86,2.84,3,3
249,10,259,"CEL",1.91,31,360.44,12.91,7.45,3.58,3,3
249,10,260,"SC",0.93,31,449.15,17.58,10.15,3.91,3,3
249,10,261,"SC",1.88,31,489.78,12.22,7.05,2.49,3,3
249,10,262,"SD",0.95,31,251.45,23.23,13.41,9.24,3,3
202,11,263,"CEL",2.39,40.8,339.05,15.75,6.43,4.65,6,3
202,11,264,"SC",2.94,40.8,485.2,15.64,7,3.22,5,3
202,11,265,"SD",2.93,40.8,254.54,12.23,5.47,4.8,5,3
252,11,266,"CEL",2.39,40.8,347.66,3.26,1.33,0.94,6,3
252,11,267,"SC",2.93,40.8,493.3,16,6.53,3.24,6,3
252,11,268,"SD",2.93,40.8,298.37,4.11,1.68,1.38,6,3
267,12,269,"CEL",1.99,33.9,394.69,13.01,7.51,3.3,3,3
267,12,270,"SC",0.99,33.9,574.57,5.48,3.16,0.95,3,3
267,12,271,"SC",1.93,33.9,566.28,6.27,3.62,1.11,3,3
267,12,272,"SD",1,33.9,300.46,5.68,3.28,1.89,3,3
267,12,273,"SD",1.98,33.9,296.71,2.15,1.24,0.73,3,3
236,13,274,"CEL",0.8,35.8,360.25,17.86,10.31,4.96,3,3
236,13,275,"SC",0.8,35.8,454.55,96.86,55.92,21.31,3,3
236,13,276,"SD",0.4,35.8,312.77,8.59,4.96,2.75,3,3
262,13,277,"CEL",2,51,276.05,44.74,25.83,16.21,3,3
262,13,278,"SC",2.01,51,434.91,76.8,44.34,17.66,3,3
262,13,279,"SD",1,51,273.32,25.58,14.77,9.36,3,3
230,14,280,"CEL",1.6,52.9,348.17,62.21,35.92,17.87,3,3
230,14,281,"SC",1.71,47.9,636.49,63.37,36.59,9.96,3,3
230,14,282,"SD",0.91,42.9,306.68,22.69,13.1,7.4,3,3
240,14,283,"CEL",2.14,54.9,377.94,43.19,24.93,11.43,3,3
240,14,284,"SC",1.77,59,712.95,84.82,48.97,11.9,3,3
240,14,285,"SD",0.97,54.9,550,22.68,13.09,4.12,3,3
217,15,286,"CEL",2.52,35,326.8,17.26,9.96,5.28,3,4
217,15,287,"SC",2.42,35,435.22,5.63,3.98,1.29,2,4
217,15,288,"SC",2.52,35,430.36,17.27,12.21,4.01,2,4
217,15,289,"SD",1.26,35,215.82,8.31,4.15,3.85,4,4
239,15,290,"CEL",1.93,35.1,338.56,15.56,8.98,4.6,3,4
239,15,291,"SC",1.92,35.1,453.5,14.26,7.13,3.14,4,4
239,15,292,"SD",0.96,35.1,234.77,5.4,2.7,2.3,4,4
268,15,293,"CEL",2.09,36.6,299.53,5.37,3.1,1.79,3,4
268,15,294,"SC",2.1,36.6,400.62,7.5,3.75,1.87,4,4
268,15,295,"SD",1.07,36.6,199.52,2.02,1.17,1.01,3,4
235,16,296,"CEL",2.1,56.4,440.13,6.27,3.62,1.42,3,3
235,16,297,"SC",1,56.4,556.54,39.12,22.59,7.03,3,3
235,16,298,"SC",2,56.4,603.84,71.05,41.02,11.77,3,3
235,16,299,"SD",0.5,56.4,264.02,16.49,9.52,6.24,3,3
235,16,300,"SD",1,56.4,289.72,23.95,13.83,8.27,3,3
242,18,301,"CEL",2.04,56.8,336.77,54.61,31.53,16.22,3,3
242,18,302,"SC",2.07,56.8,476.26,54.96,31.73,11.54,3,3
242,18,303,"SD",1.01,56.8,267.89,27.19,15.7,10.15,3,3
258,18,304,"CEL",2.05,50.7,257.23,42.85,24.74,16.66,3,3
258,18,305,"SC",2.08,50.7,372.74,23.27,13.44,6.24,3,3
258,18,306,"SD",1.02,50.7,261.3,2.6,1.5,0.99,3,3
225,19,307,"CEL",1.78,43,374.2,9.65,5.57,2.58,3,3
225,19,308,"SC",1.77,43,490.31,10.87,6.27,2.22,3,3
225,19,309,"SD",0.89,43,298.01,7.81,4.51,2.62,3,3
272,19,310,"CEL",1.81,43,376.99,4.64,2.68,1.23,3,3
272,19,311,"SC",1.75,43,493.47,6.32,3.65,1.28,3,3
272,19,312,"SD",0.89,43,302.29,5.7,3.29,1.89,3,3
266,20,313,"CEL",2,56,410.13,9.48,5.47,2.31,3,3
266,20,314,"SC",1,56,710.65,8.84,5.11,1.24,3,3
266,20,315,"SC",2,56,757.24,10.45,6.03,1.38,3,3
266,20,316,"SD",1,56,322.35,4.93,2.85,1.53,3,3
266,20,317,"SD",2,56,331.16,8.28,4.78,2.5,3,3
210,21,318,"CEL",2,24,309.56,17.45,8.72,5.64,4,4
210,21,319,"SC",2,24,503.29,15.79,7.89,3.14,4,4
241,21,320,"CEL",2,24,359,24,13.86,6.69,3,3
241,21,321,"SC",2,24,524.16,30.35,17.52,5.79,3,3
255,21,322,"CEL",2,52,363.62,37.06,21.4,10.19,3,3
255,21,323,"SC",2,52,540.55,31.17,18,5.77,3,3
255,21,324,"SD",1,52,280.39,12.21,7.05,4.36,3,3
255,21,325,"SD",2,52,250.88,32.11,18.54,12.8,3,3
263,21,326,"CEL",2,42,378.77,49.35,28.49,13.03,3,3
263,21,327,"SC",2.01,42,551.58,29.33,16.93,5.32,3,3
263,21,328,"SD",1,42,267.35,11.11,6.41,4.15,3,3
263,21,329,"SD",2.03,42,256.48,22.22,12.83,8.66,3,3
247,23,330,"CEL",1.74,28.7,327.48,3.46,2,1.06,3,3
247,23,331,"SC",1.75,28.7,453.47,8.92,5.15,1.97,3,3
269,23,332,"CEL",1.85,28.7,326.43,4.86,2.81,1.49,3,3
269,23,333,"SC",1.87,28.7,453.03,4.48,2.59,0.99,3,3
206,24,334,"CEL",2,37,364.22,9.92,5.73,2.72,3,3
206,24,335,"SC",1.99,37,526.32,9.57,5.53,1.82,3,3
206,24,336,"SD",1.02,37,307.95,10.63,6.14,3.45,3,3
221,24,337,"CEL",2,37,370.75,6.46,3.73,1.74,3,3
221,24,338,"SC",1.99,37,532.04,8.28,4.78,1.56,3,3
221,24,339,"SD",1.02,37,313.14,3.84,2.22,1.23,3,3
234,25,340,"CEL",1.97,30.8,314.32,7.63,4.4,2.43,3,3
234,25,341,"SC",1.93,30.8,422.44,7.1,4.1,1.68,3,3
234,25,342,"SD",0.98,30.8,273.08,6.2,3.58,2.27,3,3
261,25,343,"CEL",1.74,29.7,331.59,18.67,10.78,5.63,3,3
261,25,344,"SC",1.74,29.7,478.89,6.8,3.92,1.42,3,3
261,25,345,"SD",0.88,29.7,271.59,7.81,4.51,2.87,3,3
209,26,346,"CEL",1.95,40,328.51,16.81,9.71,5.12,3,3
209,26,347,"SC",1.89,40,452.12,17.19,9.93,3.8,3,3
229,26,348,"CEL",1.98,33,335.22,13.83,7.98,4.13,3,3
229,26,349,"SC",1.8,33,485.89,16.57,9.57,3.41,3,3
212,27,350,"CEL",2,49.9,360.3,18.57,10.72,5.15,3,3
212,27,351,"SC",1.86,49.9,462.41,14.84,8.57,3.21,3,3
212,27,352,"SD",0.98,49.9,306.92,6.71,3.88,2.19,3,3
243,28,353,"CEL",2,29.8,368.88,16.02,9.25,4.34,3,3
243,28,354,"SC",2,29.8,532.28,78.66,45.41,14.78,3,3
250,28,355,"CEL",2,29.8,366.58,27.7,15.99,7.56,3,3
250,28,356,"SC",2,29.8,514.7,24.11,13.92,4.68,3,3
237,29,357,"CEL",1.97,48,383.85,15.35,8.86,4,3,4
237,29,358,"SC",0.99,48,536,6.31,3.65,1.18,3,4
237,29,359,"SC",1.97,48,528.02,7.27,4.2,1.38,3,4
237,29,360,"SD",0.49,48,291.25,3.43,1.98,1.18,3,4
237,29,361,"SD",0.98,48,299.87,10.1,5.83,3.37,3,4
238,29,362,"CEL",2.06,42.9,384.03,12.7,6.35,3.31,4,4
238,29,363,"SC",1.02,42.9,529.18,7.18,3.59,1.36,4,4
238,29,364,"SC",2.03,42.9,516.99,7.88,3.94,1.52,4,4
238,29,365,"SD",0.52,42.9,301.22,6.4,3.2,2.13,4,4
238,29,366,"SD",1.03,42.9,292.88,7.47,3.73,2.55,4,4
271,30,367,"CEL",1.99,40,374.37,8.25,4.76,2.2,3,3
271,30,368,"SC",1,40,486.77,4.06,2.34,0.83,3,3
271,30,369,"SC",2,40,489.09,7.33,4.23,1.5,3,3
271,30,370,"SD",1,40,295.65,6.16,3.56,2.08,3,3
204,31,371,"CEL",2.4,32,321.89,7.21,4.16,2.24,3,3
204,31,372,"SC",2.43,32,425.25,5.38,3.11,1.27,3,3
204,31,373,"SD",1.2,32,273.83,2.1,1.48,0.77,2,3
224,31,374,"CEL",1.67,41.7,333.87,7.39,4.26,2.21,3,3
224,31,375,"SC",1.63,41.7,406.56,8.88,5.13,2.18,3,3
224,31,376,"SD",0.82,41.7,242.87,6.06,3.5,2.5,3,3
233,31,377,"CEL",1.67,41.7,339.2,8.72,5.03,2.57,3,3
233,31,378,"SC",1.63,41.7,417.23,23.83,13.76,5.71,3,3
233,31,379,"SD",0.82,41.7,260.36,12.81,7.39,4.92,3,3
245,31,380,"CEL",1.67,19,322.97,4.5,2.6,1.39,3,3
245,31,381,"SC",1.65,32,409.18,21.65,12.5,5.29,3,3
245,31,382,"SD",0.83,32,254.62,8.73,5.04,3.43,3,3
203,32,383,"CEL",2.01,54.7,360.01,8.51,4.91,2.36,3,3
203,32,384,"SC",2.08,54.7,498.53,8.22,4.74,1.65,3,3
203,32,385,"SD",1.01,54.7,284.08,7.4,4.27,2.61,3,3
256,33,386,"CEL",1.99,25,325.92,11.06,6.39,3.39,3,3
256,33,387,"SC",1.98,25,492.04,12.45,7.19,2.53,3,3
256,33,388,"SD",0.99,25,292.18,10.04,5.8,3.44,3,3
254,34,389,"CEL",2,50,413.11,13.34,7.7,3.23,3,3
254,34,390,"SC",1.99,50,573.14,13.98,8.07,2.44,3,3
254,34,391,"SD",1,50,300.57,5.2,3,1.73,3,3
216,35,392,"CEL",2.02,38.7,325.5,4.84,2.79,1.49,3,3
216,35,393,"SC",2,38.7,432.93,20.01,11.55,4.62,3,3
216,35,394,"SD",1,38.7,242.54,1.78,1.03,0.74,3,3
222,35,395,"CEL",2.06,27.6,341.46,39.44,22.77,11.55,3,3
222,35,396,"SC",2,31.6,426.82,13.14,7.59,3.08,3,3
222,35,397,"SD",1.02,38.6,265.08,11.95,6.9,4.51,3,3
215,36,398,"CEL",2.01,30.9,332.16,44.86,25.9,13.51,3,1
215,36,399,"SC",1.98,30.9,494.29,13.18,7.61,2.67,3,1
215,36,400,"SD",1,30.9,275.14,11.63,6.71,4.23,3,1
232,36,401,"CEL",1.99,32,353.82,19,10.97,5.37,3,2
232,36,402,"SC",1.98,32,513.18,5.5,3.18,1.07,3,2
232,36,403,"SD",1.01,32,280.39,4.88,2.82,1.74,3,2
207,37,404,"CEL",3.98,34,349.29,8.59,4.96,2.46,3,4
207,37,405,"SC",1.99,34,498.12,8.68,5.01,1.74,3,4
207,37,406,"SD",0.99,34,293.43,2.96,1.48,1.01,4,4
208,37,407,"CEL",2.02,31,335.04,3.91,2.26,1.17,3,3
208,37,408,"SC",2.01,31,448.57,3.7,2.14,0.82,3,3
208,37,409,"SD",1,31,253.46,5.05,2.92,1.99,3,3
226,37,410,"CEL",4.02,46.7,395.99,5.27,3.04,1.33,3,3
226,37,411,"SC",2.01,46,468.15,10.02,5.01,2.14,4,3
226,37,412,"SD",1,46.7,301.01,3.97,1.98,1.32,4,3
223,38,413,"CEL",2.01,50,357.63,21.68,12.52,6.06,3,3
223,38,414,"SC",2,50,521.38,21.32,12.31,4.09,3,3
223,38,415,"SD",1,50,280.37,4.86,2.43,1.73,4,3
211,39,416,"CEL",3.6,41.1,380.28,17.6,10.16,4.63,3,3
211,39,417,"SC",3.32,41.1,562.65,57.16,33,10.16,3,3
211,39,418,"SD",1.68,54,343.05,1.96,1.13,0.57,3,3
220,39,419,"CEL",1.18,41.1,369.38,6.07,3.51,1.64,3,3
220,39,420,"SC",1.11,41.1,517.57,13.48,7.78,2.6,3,3
220,39,421,"SD",0.55,47,271.16,4.95,2.86,1.82,3,3
264,39,422,"CEL",1.18,41.1,366.41,5.81,3.35,1.59,3,3
264,39,423,"SC",1.11,41.1,508.19,8.88,5.12,1.75,3,3
264,39,424,"SD",0.55,47,275.3,2.65,1.53,0.96,3,3
274,39,425,"CEL",3.6,41.1,373.72,13.49,7.79,3.61,3,3
274,39,426,"SC",3.32,41.1,540.96,22.99,13.27,4.25,3,3
274,39,427,"SD",1.68,54,326.91,7.41,4.28,2.27,3,3
201,40,428,"CEL",2,39,359.74,13.96,8.06,3.88,3,3
201,40,429,"SC",1.99,39,495.04,13.48,7.78,2.72,3,3
260,40,430,"CEL",1.99,46,332.23,32.03,18.49,9.64,3,3
260,40,431,"SC",1.85,46,462.19,36.09,20.84,7.81,3,3
260,40,432,"SD",0.92,46,309.68,10.94,6.32,3.53,3,3
